Diamond ID,Shape,Size,Color,Clarity,Cut,Polish,Symmetry,Fluorescence,Lab,Ratio,Depth,Table,Measurements,Vendor Stock number,$/ct,%Rap,Total,Seller,Location,Item Page,Rating,Availability
177863562,Oval,1.490,I,VS1,,Excellent,Excellent,None,GIA,1.600,55.9,66.00,10.19x6.37x3.56,1305031002,3642.6000,-6.60,5427.4740,"FINESTAR JEWELLERY & DIAMONDS PVT. LTD.",India,https://trade.rapnet.com/#/diamonds/177863562,,G
176887803,Oval,1.490,G,VS1,,"Very Good",Good,Faint,GIA,1.415,70.1,57.00,8.45x5.97x4.19,nm2579,4050.0000,-25.00,6034.5000,"N.M. Diamond",Israel,https://trade.rapnet.com/#/diamonds/176887803,,G
145728349,Heart,1.490,G,VS1,,Good,Good,Faint,,0.949,54.2,62.00,7.50x7.90x4.28,3266,5184.0000,-4.00,7724.1600,"S&M Kaufman",USA,https://trade.rapnet.com/#/diamonds/145728349,,G
177426653,Oval,1.480,H,VS1,,"Very Good",Good,None,GIA,1.382,64.2,63.00,8.61x6.23x4.00,19459,3680.0000,-20.00,5446.4000,"Benadato Trading Company LLC",USA,https://trade.rapnet.com/#/diamonds/177426653,,
148796556,Heart,1.470,G,VVS1,"Very Good","Very Good","Very Good",None,IGI,0.823,58.9,53.50,6.45x7.84x4.62,"JM-47 ",4250.0000,-31.50,6247.5000,"MADKA GEMS",India,https://trade.rapnet.com/#/diamonds/148796556,,G
178017028,Heart,1.460,F,VS1,,Excellent,"Very Good",Faint,GIA,0.851,58.8,59.00,6.78x7.97x4.69,HS001415,3770.0000,-35.00,5504.2000,"Disons Gems Inc.",USA,https://trade.rapnet.com/#/diamonds/178017028,100,G
173819239,Oval,1.450,H,VVS2,,Excellent,Excellent,Faint,GIA,1.410,62.6,60.00,8.97x6.36x3.98,R860270,5047.0000,3.00,7318.1500,"JAS Diamonds Inc.",USA,https://trade.rapnet.com/#/diamonds/173819239,,G
143400639,Oval,1.450,F,VS1,,Good,Good,None,GIA,1.416,57.3,58.00,9.09x6.42x3.68,1379,5800.0000,0.00,8410.0000,"Millennium Trading Co.",USA,https://trade.rapnet.com/#/diamonds/143400639,,G
179572632,Heart,1.430,H,VVS1,,Excellent,Excellent,None,GIA,0.858,58.9,57.00,6.68x7.79x4.58,3613496,4108.0000,-21.00,5874.4400,"Dianco Solitaire LLC",USA,https://trade.rapnet.com/#/diamonds/179572632,,G
180108770,Oval,1.420,I,VS1,,Excellent,Excellent,None,GIA,1.479,58.7,61.00,9.36x6.33x3.72,R7113,3120.0000,-20.00,4430.4000,"Bhajan Jewel India",India,https://trade.rapnet.com/#/diamonds/180108770,,G
179855477,Oval,1.420,H,VS1,,Excellent,"Very Good",None,GIA,1.442,53.6,61.00,9.40x6.52x3.50,72147993,3818.0000,-17.00,5421.5600,"Wertheimer Fruchter Diamonds Ltd.",Israel,https://trade.rapnet.com/#/diamonds/179855477,,
179572488,Oval,1.420,H,VVS1,,Excellent,"Very Good",None,GIA,1.457,62.6,59.00,8.99x6.17x3.86,OV009470,4732.0000,-9.00,6719.4400,"Disons Gems Inc.",USA,https://trade.rapnet.com/#/diamonds/179572488,100,G
179568137,Oval,1.420,H,IF,,Excellent,Excellent,None,GIA,1.458,58.6,59.00,9.14x6.27x3.68,AE1194,4648.0000,-17.00,6600.1600,"Diamond Creations NV",Belgium,https://trade.rapnet.com/#/diamonds/179568137,,G
179488523,Heart,1.420,H,VVS1,Excellent,"Very Good","Very Good",None,HRD,0.852,57.8,60.00,6.70x7.86x4.54,7348712,2938.0000,-43.50,4171.9600,"Ankit Gems Private Limited",India,https://trade.rapnet.com/#/diamonds/179488523,,G
179335746,Oval,1.420,I,IF,,Excellent,Excellent,None,IGI,1.383,65.9,56.00,8.52x6.16x4.06,320235,3102.0000,-34.00,4404.8400,"NAROLA DIAMONDS PRIVATE LIMITED",India,https://trade.rapnet.com/#/diamonds/179335746,100,G
178799262,Oval,1.420,F,VS1,,Excellent,Excellent,None,GIA,1.397,64.3,60.00,8.66x6.20x3.99,5701459,5620.2000,-3.10,7980.6840,"KAPU GEMS LLP",India,https://trade.rapnet.com/#/diamonds/178799262,,G
176464099,Oval,1.420,H,VVS2,,Excellent,Excellent,None,IGI,1.425,63.5,60.00,8.78x6.16x3.91,291793,3185.0000,-35.00,4522.7000,"NAROLA DIAMONDS PRIVATE LIMITED",India,https://trade.rapnet.com/#/diamonds/176464099,100,G
176344757,Oval,1.420,H,VVS2,,Excellent,Excellent,None,IGI,1.343,68.3,61.00,8.30x6.18x4.22,290427,3038.0000,-38.00,4313.9600,"NAROLA DIAMONDS PRIVATE LIMITED",India,https://trade.rapnet.com/#/diamonds/176344757,100,G
172019052,Oval,1.420,G,IF,,Excellent,Excellent,None,GIA,1.332,66.0,61.00,8.31x6.24x4.12,5679746,5629.8000,-14.70,7994.3160,"KAPU GEMS LLP",India,https://trade.rapnet.com/#/diamonds/172019052,,G
168871494,Heart,1.420,I,VVS1,,Excellent,Excellent,Faint,GIA,0.839,63.2,58.00,6.38x7.60x4.80,245464,2420.0000,-45.00,3436.4000,"NAROLA DIAMONDS PRIVATE LIMITED",India,https://trade.rapnet.com/#/diamonds/168871494,100,G
165740199,Oval,1.420,H,VS1,,"Very Good",Good,None,GIA,1.404,67.7,58.00,8.44x6.01x4.07,913-504,5474.0000,19.00,7773.0800,"Fischer Diamonds Inc.",USA,https://trade.rapnet.com/#/diamonds/165740199,,
160068300,Heart,1.420,G,VVS2,,"Very Good","Very Good",None,GIA,0.949,51.1,64.00,7.52x7.92x4.05,NB877B,,,,"Astor Jewellery Company  Ltd.","Hong Kong",https://trade.rapnet.com/#/diamonds/160068300,,G
109452047,Oval,1.420,G,VS1,,"Very Good","Very Good",None,GIA,1.405,63.2,62.00,8.71x6.20x3.92,J419,6480.0000,20.00,9201.6000,"Jumbo Gold & Diamonds Pte. Ltd.","Hong Kong",https://trade.rapnet.com/#/diamonds/109452047,,STPS
180055200,Oval,1.410,H,VS1,Excellent,Excellent,Excellent,None,IGI,1.433,62.6,60.00,8.84x6.17x3.86,SD-6271,2990.0000,-35.00,4215.9000,"SUVRAT DIAM",India,https://trade.rapnet.com/#/diamonds/180055200,,STPS
179849545,Oval,1.410,H,VS1,,Excellent,Excellent,None,GIA,1.341,65.0,64.00,8.38x6.25x4.06,21334782,3588.0000,-22.00,5059.0800,"Sparkle Gems Inc. (KGK Diamonds USA)",USA,https://trade.rapnet.com/#/diamonds/179849545,0,G
179692632,Heart,1.410,I,VVS1,,Excellent,Excellent,None,GIA,0.865,63.8,57.00,6.55x7.57x4.83,HS001593,2728.0000,-38.00,3846.4800,"Disons Gems Inc.",USA,https://trade.rapnet.com/#/diamonds/179692632,100,G
179572648,Heart,1.410,F,VVS2,,Excellent,Excellent,None,GIA,0.849,59.6,60.00,6.54x7.70x4.59,3613475,4800.0000,-25.00,6768.0000,"Dianco Solitaire LLC",USA,https://trade.rapnet.com/#/diamonds/179572648,,G
179375176,Heart,1.410,H,VVS2,,Excellent,Excellent,None,GIA,0.839,62.1,58.00,6.39x7.62x4.73,5756903,3547.6000,-27.60,5002.1160,"KAPU GEMS LLP",India,https://trade.rapnet.com/#/diamonds/179375176,,G
179194977,Oval,1.410,H,IF,,Excellent,Excellent,Slight,IGI,1.402,61.6,58.00,8.79x6.27x3.86,316424,3136.0000,-44.00,4421.7600,"NAROLA DIAMONDS PRIVATE LIMITED",India,https://trade.rapnet.com/#/diamonds/179194977,100,G
178976043,Oval,1.410,I,VVS2,,Excellent,Excellent,None,GIA,1.399,64.9,59.00,8.55x6.11x3.96,318977,3276.0000,-22.00,4619.1600,"NAROLA DIAMONDS PRIVATE LIMITED",India,https://trade.rapnet.com/#/diamonds/178976043,100,G
178864564,Oval,1.410,G,VS1,,Excellent,Excellent,None,GIA,1.371,66.9,61.00,8.31x6.06x4.06,316302,4752.0000,-12.00,6700.3200,"NAROLA DIAMONDS PRIVATE LIMITED",India,https://trade.rapnet.com/#/diamonds/178864564,100,G
177069654,Heart,1.410,H,VVS1,"Very Good",Excellent,Excellent,None,IGI,0.860,62.1,59.00,6.63x7.71x4.79,NDR131-7A,2912.0000,-44.00,4105.9200,"M/S NIRAV.P.KOTHARI",India,https://trade.rapnet.com/#/diamonds/177069654,,
177065563,Oval,1.410,H,VS1,,Excellent,Excellent,None,GIA,1.365,60.4,57.00,8.60x6.30x3.81,293785,3956.0000,-14.00,5577.9600,"NAROLA DIAMONDS PRIVATE LIMITED",India,https://trade.rapnet.com/#/diamonds/177065563,100,G
176459520,Oval,1.410,F,VS1,,Excellent,Excellent,Faint,GIA,1.399,60.8,60.00,8.83x6.31x3.84,5707284,5620.2000,-3.10,7924.4820,"KAPU GEMS LLP",India,https://trade.rapnet.com/#/diamonds/176459520,,G
176433447,Oval,1.410,G,VS1,,Excellent,Excellent,None,GIA,1.383,64.4,58.00,8.48x6.13x3.95,57011,4914.0000,-9.00,6928.7400,"XL Diamonds",USA,https://trade.rapnet.com/#/diamonds/176433447,,M
176290796,Oval,1.410,H,VVS1,,Excellent,Excellent,None,GIA,1.363,57.8,63.00,8.68x6.37x3.68,284916,4368.0000,-16.00,6158.8800,"NAROLA DIAMONDS PRIVATE LIMITED",India,https://trade.rapnet.com/#/diamonds/176290796,100,G
175650567,Oval,1.410,I,VS1,,Excellent,Excellent,None,GIA,1.398,63.4,63.00,8.60x6.15x3.90,148154,3705.0000,-5.00,5224.0500,"RAYS DIAMONDS",USA,https://trade.rapnet.com/#/diamonds/175650567,,G
175404346,Oval,1.410,G,VS1,,Excellent,"Very Good",None,GIA,1.452,62.7,62.00,8.93x6.15x3.86,a-2496,4855.0000,-10.10,6845.5500,"RAJOHARAN DIAMOND",India,https://trade.rapnet.com/#/diamonds/175404346,,G
174977665,Heart,1.410,F,VS1,,Excellent,Excellent,None,GIA,0.864,56.2,58.00,6.88x7.96x4.47,S2511475,3480.0000,-40.00,4906.8000,"M.SURESH COMPANY PRIVATE LTD",India,https://trade.rapnet.com/#/diamonds/174977665,100,G
154056276,Oval,1.410,G,VS1,,Excellent,"Very Good",None,,1.461,60.9,60.00,9.00x6.16x3.75,P21479,4050.0000,-25.00,5710.5000,"Optima Diamond",USA,https://trade.rapnet.com/#/diamonds/154056276,,
180063525,Oval,1.400,H,VVS2,,Excellent,Excellent,None,GIA,1.401,62.7,57.00,8.80x6.28x3.94,21446732,4018.0000,-18.00,5625.2000,"KGK DIAMOND DMCC",UAE,https://trade.rapnet.com/#/diamonds/180063525,,G
180054173,Oval,1.400,I,VVS2,,Excellent,Excellent,Faint,GIA,1.468,63.5,62.00,8.97x6.11x3.88,U-2052,3066.0000,-27.00,4292.4000,"UNIQUE DIAMAX PRIVATE LIMITED",India,https://trade.rapnet.com/#/diamonds/180054173,,
180046051,Oval,1.400,F,VVS1,,Excellent,Excellent,None,GIA,1.409,64.0,60.00,8.71x6.18x3.96,OV009468,6256.0000,-8.00,8758.4000,"Disons Gems Inc.",USA,https://trade.rapnet.com/#/diamonds/180046051,100,G
179988878,Oval,1.400,F,VS1,,Excellent,Excellent,Faint,GIA,1.394,65.3,65.00,8.59x6.16x4.03,YSUEC005,4233.0000,-27.00,5926.2000,"Dharm Diam BV",Belgium,https://trade.rapnet.com/#/diamonds/179988878,,G
179933343,Oval,1.400,G,VS1,,Excellent,Excellent,None,GIA,1.386,63.4,61.00,8.55x6.17x3.91,313136,4752.0000,-12.00,6652.8000,"NAROLA DIAMONDS PRIVATE LIMITED",India,https://trade.rapnet.com/#/diamonds/179933343,100,G
179932884,Oval,1.400,H,VVS2,,Excellent,Excellent,None,IGI,1.377,67.4,60.00,8.33x6.05x4.08,315805,3087.0000,-37.00,4321.8000,"NAROLA DIAMONDS PRIVATE LIMITED",India,https://trade.rapnet.com/#/diamonds/179932884,100,G
179742352,Oval,1.400,I,VVS2,,Excellent,Excellent,None,GIA,1.402,63.5,60.00,8.61x6.14x3.90,155603,3528.0000,-16.00,4939.2000,"RAYS DIAMONDS",India,https://trade.rapnet.com/#/diamonds/179742352,,G
179709050,Oval,1.400,H,VS1,"Very Good",Excellent,Excellent,"Very Slight",IGI,1.398,59.2,62.00,8.95x6.40x3.79,NDR144-73A,2576.0000,-44.00,3606.4000,"M/S NIRAV.P.KOTHARI",India,https://trade.rapnet.com/#/diamonds/179709050,,
179678956,Oval,1.400,F,VVS2,,Excellent,"Very Good",None,GIA,1.555,62.6,58.00,9.36x6.02x3.77,5750369,6272.0000,-2.00,8780.8000,"KAPU GEMS LLP",India,https://trade.rapnet.com/#/diamonds/179678956,,G
179575458,Oval,1.400,H,VS1,,Excellent,Excellent,None,GIA,1.494,65.6,61.00,8.92x5.97x3.91,YSCJO209,3598.5000,-21.80,5037.9000,"Dharm Diam BV",Belgium,https://trade.rapnet.com/#/diamonds/179575458,,G
179507174,Oval,1.400,F,VVS2,,Excellent,Excellent,None,GIA,1.385,64.4,63.00,8.42x6.08x3.92,246667,5753.6000,-10.10,8055.0400,"VAIBHAV GEMS",India,https://trade.rapnet.com/#/diamonds/179507174,100,G
179502121,Oval,1.400,I,VVS2,,Excellent,Excellent,None,GIA,1.398,62.8,60.00,8.67x6.20x3.89,155035,3612.0000,-14.00,5056.8000,"RAYS DIAMONDS",India,https://trade.rapnet.com/#/diamonds/179502121,,G
179452812,Oval,1.400,G,VS1,,Excellent,"Very Good",Faint,GIA,1.381,64.9,55.00,8.38x6.07x3.94,501170324G,,,,"VENUS JEWEL",USA,https://trade.rapnet.com/#/diamonds/179452812,100,G
179370398,Heart,1.400,F,VVS2,,Excellent,"Very Good",None,GIA,0.860,60.3,60.00,6.56x7.63x4.60,278043,4992.0000,-22.00,6988.8000,"PARISHI DIAMOND PRIVATE LIMITED",India,https://trade.rapnet.com/#/diamonds/179370398,,G
179335577,Oval,1.400,H,VVS2,,Excellent,Excellent,None,IGI,1.344,65.4,66.00,8.32x6.19x4.05,320023,3038.0000,-38.00,4253.2000,"NAROLA DIAMONDS PRIVATE LIMITED",India,https://trade.rapnet.com/#/diamonds/179335577,100,G
179334266,Oval,1.400,H,VS1,,Excellent,Excellent,None,GIA,1.585,65.4,55.00,9.32x5.88x3.85,7151667,4181.4000,-9.10,5853.9600,"ANKIT GEMS HK LTD","Hong Kong",https://trade.rapnet.com/#/diamonds/179334266,,G
179316462,Heart,1.400,H,VVS1,,"Very Good","Very Good",None,GIA,0.897,60.2,63.00,6.76x7.54x4.54,1787016,3432.0000,-34.00,4804.8000,"KGK DIAMOND DMCC",UAE,https://trade.rapnet.com/#/diamonds/179316462,,G
179283933,Oval,1.400,I,VVS1,,Excellent,Excellent,Faint,GIA,1.404,63.8,62.00,8.72x6.21x3.96,900120794,3476.0000,-21.00,4866.4000,"KGK Diamonds Bvba",Belgium,https://trade.rapnet.com/#/diamonds/179283933,,G
179283753,Oval,1.400,H,VVS2,,Excellent,Excellent,None,GIA,1.368,65.0,61.00,8.47x6.19x4.02,21344029,3871.0000,-21.00,5419.4000,"KGK Diamonds Bvba",Belgium,https://trade.rapnet.com/#/diamonds/179283753,,G
179283713,Oval,1.400,F,VVS1,,Excellent,"Very Good",None,GIA,1.412,64.3,58.00,8.71x6.17x3.97,21412069,5644.0000,-17.00,7901.6000,"KGK Diamonds Bvba",Belgium,https://trade.rapnet.com/#/diamonds/179283713,,G
179283573,Oval,1.400,I,VVS2,,Excellent,"Very Good",None,GIA,1.399,63.2,61.00,8.62x6.16x3.89,1748255,3360.0000,-20.00,4704.0000,"KGK Diamonds Bvba",Belgium,https://trade.rapnet.com/#/diamonds/179283573,,G
179283414,Oval,1.400,H,IF,,Excellent,Excellent,None,GIA,1.372,63.3,55.00,8.49x6.19x3.92,21333941,4424.0000,-21.00,6193.6000,"KGK Diamonds Bvba",Belgium,https://trade.rapnet.com/#/diamonds/179283414,,G
179283275,Oval,1.400,I,IF,,Excellent,"Very Good",None,GIA,1.415,63.3,55.00,8.73x6.17x3.90,1744891,3807.0000,-19.00,5329.8000,"KGK Diamonds Bvba",Belgium,https://trade.rapnet.com/#/diamonds/179283275,,G
179249943,Oval,1.400,I,VS1,"Very Good",Excellent,Excellent,None,IGI,1.409,65.7,61.00,8.54x6.06x3.98,SM-151-5400,2406.0000,-38.30,3368.4000,"SAHIL NARESHKUMAR MEHTA",India,https://trade.rapnet.com/#/diamonds/179249943,,G
179190464,Oval,1.400,H,VVS2,,Excellent,"Very Good",None,GIA,1.400,56.8,65.00,8.78x6.27x3.56,OV011092,4165.0000,-15.00,5831.0000,"Disons Gems Inc.",USA,https://trade.rapnet.com/#/diamonds/179190464,100,G
179185713,Oval,1.400,G,VVS2,,Excellent,Excellent,None,GIA,1.514,60.0,62.00,9.37x6.19x3.72,5535006002,5480.5000,-5.50,7672.7000,"Belgium New York LLC",USA,https://trade.rapnet.com/#/diamonds/179185713,100,
178998757,Oval,1.400,F,VVS1,,Excellent,Excellent,None,GIA,1.476,64.4,57.00,8.99x6.09x3.92,LD25126423,5984.0000,-12.00,8377.6000,"LAXMI DIAMOND PVT LTD",India,https://trade.rapnet.com/#/diamonds/178998757,,G
178871365,Oval,1.400,H,VS1,,Excellent,"Very Good",None,GIA,1.385,61.2,57.00,8.64x6.24x3.82,AK-202,3611.0000,-21.50,5055.4000,"Jiya Gems (HK) Limited",India,https://trade.rapnet.com/#/diamonds/178871365,,G
178789702,Oval,1.400,H,VVS2,,Excellent,Excellent,Faint,GIA,1.408,62.7,58.00,8.70x6.18x3.87,2106,4116.0000,-16.00,5762.4000,"ALAUKIK GEMS",India,https://trade.rapnet.com/#/diamonds/178789702,,G
178759086,Oval,1.400,H,VS1,,"Very Good",Excellent,None,GIA,1.351,65.0,61.00,8.32x6.16x4.01,250135565,3818.0000,-17.00,5345.2000,"Sparkle Gems Inc. (KGK Diamonds USA)",USA,https://trade.rapnet.com/#/diamonds/178759086,0,G
178626068,Oval,1.400,H,VS1,,Excellent,Excellent,None,GIA,1.363,67.2,62.00,8.29x6.08x4.08,312283,3910.0000,-15.00,5474.0000,"NAROLA DIAMONDS PRIVATE LIMITED",India,https://trade.rapnet.com/#/diamonds/178626068,100,G
175699628,Heart,1.400,H,VVS1,"Very Good",Excellent,Excellent,None,IGI,0.869,55.3,61.00,6.85x7.88x4.36,"rms1.4oht hvvs1",2912.0000,-44.00,4076.8000,"AARYA GEMS -MUMBAI 1",India,https://trade.rapnet.com/#/diamonds/175699628,,G
178206406,Oval,1.400,H,VS1,,Excellent,Excellent,None,GIA,1.389,64.7,60.00,8.50x6.12x3.96,309609,4048.0000,-12.00,5667.2000,"NAROLA DIAMONDS PRIVATE LIMITED",India,https://trade.rapnet.com/#/diamonds/178206406,100,G
178206334,Oval,1.400,H,VVS2,,Excellent,Excellent,None,GIA,1.378,64.9,65.00,8.42x6.11x3.96,309650,4116.0000,-16.00,5762.4000,"NAROLA DIAMONDS PRIVATE LIMITED",India,https://trade.rapnet.com/#/diamonds/178206334,100,G
178064061,Oval,1.400,H,VVS2,,Excellent,Excellent,None,GIA,1.594,58.4,55.00,9.66x6.06x3.54,58086,4508.0000,-8.00,6311.2000,"XL Diamonds",USA,https://trade.rapnet.com/#/diamonds/178064061,,M
177937267,Oval,1.400,G,VVS2,,Excellent,Excellent,None,GIA,1.376,65.3,57.00,8.34x6.06x3.96,501250353G,,,,"VENUS JEWEL",Israel,https://trade.rapnet.com/#/diamonds/177937267,100,G
177893113,Oval,1.400,G,VS1,,"Very Good",Good,Faint,GIA,1.329,59.5,64.00,8.56x6.44x3.83,V140G,4050.0000,-25.00,5670.0000,"S Weissbart","United Kingdom",https://trade.rapnet.com/#/diamonds/177893113,,M
177695235,Heart,1.400,G,VS1,,Excellent,"Very Good",None,GIA,0.883,64.5,53.00,6.54x7.41x4.78,301217,3294.0000,-39.00,4611.6000,"NAROLA DIAMONDS PRIVATE LIMITED",India,https://trade.rapnet.com/#/diamonds/177695235,100,G
177694392,Heart,1.400,I,VVS1,,Excellent,Excellent,None,GIA,0.865,59.7,61.00,6.62x7.65x4.56,1759083,2684.0000,-39.00,3757.6000,"KGK DIAMOND DMCC",UAE,https://trade.rapnet.com/#/diamonds/177694392,,G
177623250,Oval,1.400,F,VVS1,,Excellent,Excellent,None,GIA,1.503,61.1,63.00,9.29x6.18x3.78,5653585,6766.0000,-0.50,9472.4000,"Kapu Jewels INC",USA,https://trade.rapnet.com/#/diamonds/177623250,100,G
177507878,Oval,1.400,G,VVS1,,Excellent,Excellent,Faint,GIA,1.457,63.1,55.00,8.86x6.08x3.84,7757064,4867.0000,-21.50,6813.8000,"ANKIT GEMS HK LTD","Hong Kong",https://trade.rapnet.com/#/diamonds/177507878,,G
177348047,Heart,1.400,G,VVS2,,Excellent,Excellent,None,GIA,0.853,59.0,61.00,6.66x7.81x4.61,1405146700,4118.0000,-29.00,5765.2000,"FINESTAR JEWELLERY & DIAMONDS PVT. LTD.",India,https://trade.rapnet.com/#/diamonds/177348047,,G
177277766,Oval,1.400,G,VS1,,Excellent,"Very Good",None,GIA,1.398,66.0,58.00,8.60x6.15x4.06,274107,4968.0000,-8.00,6955.2000,"Parishi Diamond INC",USA,https://trade.rapnet.com/#/diamonds/177277766,,G
177114901,Oval,1.400,G,VVS1,,Excellent,"Very Good",None,GIA,1.405,64.2,60.00,8.71x6.20x3.98,GS67-5,4867.0000,-21.50,6813.8000,GEMSTAR,India,https://trade.rapnet.com/#/diamonds/177114901,,G
177101041,Oval,1.400,G,VS1,,Excellent,Excellent,Faint,GIA,1.459,62.8,62.00,8.80x6.03x3.79,G23DY,5850.0000,8.30,8190.0000,"DIACENTRE INC",USA,https://trade.rapnet.com/#/diamonds/177101041,,
177080497,Oval,1.400,F,VVS1,,"Very Good",Excellent,None,GIA,1.418,60.1,58.00,8.95x6.31x3.79,GRT009,6120.0000,-10.00,8568.0000,"GOLDSTEIN DIAMONDS (E.) BVBA",Belgium,https://trade.rapnet.com/#/diamonds/177080497,,
176872177,Oval,1.400,F,VS1,,Excellent,Excellent,None,GIA,1.407,62.3,60.00,8.71x6.19x3.85,SRALD13,4680.6000,-19.30,6552.8400,"SUN RAYS",India,https://trade.rapnet.com/#/diamonds/176872177,,STPS
176782294,Oval,1.400,I,VS1,,Excellent,"Very Good",Faint,GIA,1.348,63.6,58.00,8.40x6.23x3.96,21346764,2886.0000,-26.00,4040.4000,"KGK Diamonds Bvba",Belgium,https://trade.rapnet.com/#/diamonds/176782294,,G
176375053,Heart,1.400,H,IF,"Very Good",Excellent,Excellent,None,IGI,0.854,58.5,59.00,6.67x7.81x4.57,ESNL169,3248.0000,-42.00,4547.2000,"ABHYUDAY GEMS",India,https://trade.rapnet.com/#/diamonds/176375053,,G
176189986,Oval,1.400,H,VVS1,,Excellent,Excellent,None,GIA,1.418,63.6,61.00,8.75x6.17x3.93,A-2467,4185.0000,-19.50,5859.0000,"RAJOHARAN DIAMOND",India,https://trade.rapnet.com/#/diamonds/176189986,,G
176134911,Oval,1.400,F,VVS2,,Excellent,Excellent,None,GIA,1.377,62.2,56.00,8.66x6.29x3.91,5702525,6272.0000,-2.00,8780.8000,"KAPU GEMS LLP",India,https://trade.rapnet.com/#/diamonds/176134911,,G
175650571,Oval,1.400,H,VVS1,,Excellent,Excellent,None,GIA,1.402,62.8,61.00,8.69x6.20x3.89,148518,4570.8000,-12.10,6399.1200,"RAYS DIAMONDS",India,https://trade.rapnet.com/#/diamonds/175650571,,G
175253582,Heart,1.400,H,VVS1,"Very Good",Excellent,"Very Good",None,IGI,0.857,61.7,62.00,6.60x7.70x4.75,NDR120-53A,2912.0000,-44.00,4076.8000,"M/S NIRAV.P.KOTHARI",India,https://trade.rapnet.com/#/diamonds/175253582,,
175065965,Oval,1.400,I,VS1,,Excellent,Excellent,Faint,GIA,1.343,64.3,62.00,8.27x6.16x3.96,32801,3705.0000,-5.00,5187.0000,"FN Diamond Sales",USA,https://trade.rapnet.com/#/diamonds/175065965,,G
173703195,Oval,1.400,H,VVS1,,Excellent,Excellent,None,GIA,1.400,65.5,64.00,8.30x5.93x3.89,318574,4420.0000,-15.00,6188.0000,"Parishi Diamond INC",USA,https://trade.rapnet.com/#/diamonds/173703195,,G
173390683,Oval,1.400,I,VS1,,Excellent,Excellent,None,GIA,1.414,64.2,58.00,8.75x6.19x3.98,7533401,4095.0000,5.00,5733.0000,"Beny Sofer Inc.",USA,https://trade.rapnet.com/#/diamonds/173390683,,M
173285211,Oval,1.400,H,VS1,,Excellent,Excellent,None,GIA,1.388,64.4,65.00,8.51x6.13x3.95,263210,4048.0000,-12.00,5667.2000,"NAROLA DIAMONDS PRIVATE LIMITED",USA,https://trade.rapnet.com/#/diamonds/173285211,100,M
173132824,Oval,1.400,H,VS1,,Excellent,Excellent,None,GIA,1.399,62.7,59.00,8.80x6.29x3.95,LD250611859,3979.0000,-13.50,5570.6000,"LAXMI DIAMOND PVT LTD",India,https://trade.rapnet.com/#/diamonds/173132824,,G
172383623,Oval,1.400,H,VS1,,Excellent,Excellent,None,GIA,1.408,61.2,59.00,8.76x6.22x3.80,a-2198,3997.0000,-13.10,5595.8000,"RAJOHARAN DIAMOND",India,https://trade.rapnet.com/#/diamonds/172383623,,G
171872993,Oval,1.400,I,VS1,,"Very Good","Very Good",None,GIA,1.391,59.7,64.00,8.82x6.34x3.78,670575,3705.0000,-5.00,5187.0000,"ELEMENTS INTL INC.",USA,https://trade.rapnet.com/#/diamonds/171872993,,
170826081,Oval,1.400,I,VVS1,,Excellent,"Very Good",None,GIA,1.389,58.8,57.00,8.85x6.37x3.75,N0881,3520.0000,-20.00,4928.0000,"LITMUS TRADERS DMCC",UAE,https://trade.rapnet.com/#/diamonds/170826081,,G
170391747,Oval,1.400,I,IF,,Excellent,"Very Good",None,GIA,1.348,61.2,58.00,8.56x6.35x3.89,5679809,4286.4000,-8.80,6000.9600,"KAPU GEMS LLP",India,https://trade.rapnet.com/#/diamonds/170391747,,G
168881481,Oval,1.400,I,VS1,,Excellent,"Very Good",None,GIA,1.347,63.4,61.00,8.34x6.19x3.93,AK2989A,3899.0000,0.00,5458.6000,"BELGIUM DIAMONDS LLC",USA,https://trade.rapnet.com/#/diamonds/168881481,100,
166194495,Oval,1.400,H,VVS2,,Excellent,"Very Good",None,GIA,1.401,64.4,61.00,8.59x6.13x3.95,jit-1,4350.0000,-11.20,6090.0000,"P M DIAMOND",India,https://trade.rapnet.com/#/diamonds/166194495,,G
151189130,Oval,1.400,I,VS1,"Very Good",Excellent,Excellent,"Very Slight",IGI,1.357,62.4,56.50,8.48x6.25x3.90,,2613.0000,-33.00,3658.2000,"GUJRANI INTERNATIONAL - MUMBAI 2",India,https://trade.rapnet.com/#/diamonds/151189130,,STPS
128026528,Heart,1.400,F,VS1,,"Very Good",Good,None,GIA,0.811,51.5,63.00,6.85x8.45x4.35,GL-1800,5220.0000,-10.00,7308.0000,"Elgrissy Diamonds Ltd.",USA,https://trade.rapnet.com/#/diamonds/128026528,,
180054496,Oval,1.390,F,VVS1,,Excellent,"Very Good",None,GIA,1.436,61.8,56.00,8.99x6.26x3.87,499-319-16,5780.0000,-15.00,8034.2000,"PRAGANI DIAMOND",India,https://trade.rapnet.com/#/diamonds/180054496,,G
179472635,Oval,1.390,H,IF,,Excellent,Excellent,None,HRD,1.456,58.6,58.00,9.04x6.21x3.64,YK4253,3584.0000,-36.00,4981.7600,"Diamond Creations NV",Belgium,https://trade.rapnet.com/#/diamonds/179472635,,G
177937241,Oval,1.390,F,VS1,,Excellent,"Very Good",Faint,GIA,1.431,65.3,56.00,8.60x6.01x3.92,501410067G,,,,"VENUS JEWEL",Israel,https://trade.rapnet.com/#/diamonds/177937241,100,G
177628855,Heart,1.390,F,VVS2,,"Very Good","Very Good",None,GIA,0.857,48.3,64.00,6.97x8.13x3.93,IMB134,3841.7300,-40.00,5340.0047,"David Hoffmann Diamonds",USA,https://trade.rapnet.com/#/diamonds/177628855,,
168133170,Oval,1.390,F,VVS1,,Excellent,Excellent,Faint,GIA,1.431,63.1,61.00,9.03x6.31x3.98,LD25026880,5236.0000,-23.00,7278.0400,"LAXMI DIAMOND PVT LTD",India,https://trade.rapnet.com/#/diamonds/168133170,,G
177469826,Oval,1.380,G,VVS2,,"Very Good",Good,None,GIA,1.513,63.7,66.00,8.94x5.91x3.77,18106,4408.0000,-24.00,6083.0400,"Salico Gem Corp.",USA,https://trade.rapnet.com/#/diamonds/177469826,,
177428011,Oval,1.380,H,VVS2,,Excellent,Excellent,None,GIA,1.400,60.0,61.00,8.99x6.42x3.85,1805023102,3939.6000,-19.60,5436.6480,"FINESTAR JEWELLERY & DIAMONDS PVT. LTD.",India,https://trade.rapnet.com/#/diamonds/177428011,,G
177272388,Oval,1.380,F,VVS2,,Excellent,Excellent,None,GIA,1.340,63.9,59.00,8.52x6.36x4.06,5713954,5337.6000,-16.60,7365.8880,"KAPU GEMS LLP",India,https://trade.rapnet.com/#/diamonds/177272388,,G
148744663,Oval,1.380,F,IF,,Excellent,Excellent,None,GIA,1.403,63.7,57.00,8.78x6.26x3.98,AR-PM,7400.0000,0.00,10212.0000,"NIRVANA GEMS",India,https://trade.rapnet.com/#/diamonds/148744663,,G
178864244,Oval,1.370,F,VS1,,Excellent,Excellent,Faint,GIA,1.406,65.4,62.00,8.49x6.04x3.95,316901,4350.0000,-25.00,5959.5000,"NAROLA DIAMONDS PRIVATE LIMITED",India,https://trade.rapnet.com/#/diamonds/178864244,100,G
175634872,Oval,1.360,H,VS1,,Excellent,Excellent,None,GIA,1.457,60.4,62.00,9.02x6.19x3.74,OV1.20W912188,3520.0000,-23.50,4787.2000,STARRAYS,India,https://trade.rapnet.com/#/diamonds/175634872,,G
168151929,Oval,1.360,H,IF,,Excellent,Excellent,None,GIA,1.747,56.4,77.00,9.73x5.57x3.14,RPL1872A-1C,3360.0000,-40.00,4569.6000,"AGARWAL DIAM EXPO PRIVATE LTD",India,https://trade.rapnet.com/#/diamonds/168151929,,G
162691698,Oval,1.360,G,VVS1,,Excellent,Excellent,None,GIA,1.371,64.8,54.00,8.43x6.15x3.98,,5800.0000,-6.50,7888.0000,"Smile Diamonds Inc.",USA,https://trade.rapnet.com/#/diamonds/162691698,,
179314191,Oval,1.350,I,VVS2,"Very Good",Excellent,Excellent,None,IGI,1.498,59.5,63.00,9.14x6.10x3.63,26A015,2100.0000,-50.00,2835.0000,"GREEN STAR DIAMOND",India,https://trade.rapnet.com/#/diamonds/179314191,,G
178889426,Oval,1.350,I,VVS2,,Excellent,Excellent,None,GIA,1.430,62.2,61.00,8.72x6.10x3.80,SD-6207,3020.0000,-28.10,4077.0000,"SUVRAT DIAM",India,https://trade.rapnet.com/#/diamonds/178889426,,STPS
177580284,Heart,1.350,I,IF,,Excellent,Excellent,None,GIA,0.873,55.5,62.00,6.74x7.72x4.29,DS-6011,2820.0000,-40.00,3807.0000,"Trinity Diamonds Co. Ltd",Thailand,https://trade.rapnet.com/#/diamonds/177580284,,G
176806309,Oval,1.350,G,VVS2,,Good,Fair,None,GIA,1.239,71.4,54.00,7.72x6.23x4.45,18068,4350.0000,-25.00,5872.5000,"Steven Galapo Diamonds",USA,https://trade.rapnet.com/#/diamonds/176806309,,
176104590,Oval,1.350,I,VVS1,"Very Good",Excellent,Excellent,None,IGI,1.397,63.3,58.00,8.48x6.07x3.84,M1863-H,2420.0000,-45.00,3267.0000,"AGARWAL DIAM EXPO PRIVATE LTD",India,https://trade.rapnet.com/#/diamonds/176104590,,G
173651064,Heart,1.350,G,VS1,,"Very Good","Very Good",None,GIA,0.953,58.1,61.00,7.17x7.52x4.37,9144T1,3672.0000,-32.00,4957.2000,"B.N. Diamonds Limited",Israel,https://trade.rapnet.com/#/diamonds/173651064,,
160861249,Heart,1.350,H,VVS1,"Very Good",Excellent,Excellent,None,IGI,0.902,58.2,60.00,6.89x7.64x4.45,VKD-001,2850.0000,-45.20,3847.5000,K-DIA,India,https://trade.rapnet.com/#/diamonds/160861249,,G
180015220,Heart,1.340,H,VVS1,"Very Good",Excellent,Excellent,None,IGI,0.862,58.2,57.00,6.54x7.59x4.42,NDR144-108A,3120.0000,-40.00,4180.8000,"M/S NIRAV.P.KOTHARI",India,https://trade.rapnet.com/#/diamonds/180015220,,
179314175,Heart,1.340,H,VVS1,,Excellent,Excellent,None,GIA,0.854,61.8,61.00,6.44x7.54x4.66,5747069,3525.6000,-32.20,4724.3040,"KAPU GEMS LLP",India,https://trade.rapnet.com/#/diamonds/179314175,,G
178867367,Oval,1.340,F,VVS2,,"Very Good","Very Good",None,GIA,1.217,60.9,60.00,8.09x6.65x4.05,P6075-A,4032.0000,-37.00,5402.8800,"Diamond ICQ Ltd.","Hong Kong",https://trade.rapnet.com/#/diamonds/178867367,,M
172661504,Heart,1.340,I,VS1,,Excellent,Excellent,"Very Slight",IGI,0.861,59.3,64.00,6.59x7.65x4.54,693102001,1637.0000,-58.00,2193.5800,"C DINESH & CO",India,https://trade.rapnet.com/#/diamonds/172661504,100,G
180063538,Heart,1.330,I,VVS2,,Excellent,Excellent,None,GIA,0.862,59.9,61.00,6.51x7.55x4.52,21420505,2688.0000,-36.00,3575.0400,"KGK DIAMOND DMCC",UAE,https://trade.rapnet.com/#/diamonds/180063538,,G
179736022,Heart,1.330,I,VVS1,"Very Good",Excellent,Excellent,None,IGI,0.875,63.1,60.00,6.50x7.43x4.69,NDR144-44A,2420.0000,-45.00,3218.6000,"M/S NIRAV.P.KOTHARI",India,https://trade.rapnet.com/#/diamonds/179736022,,
179389479,Oval,1.330,G,VVS1,,Excellent,Excellent,Faint,GIA,1.413,63.5,61.00,8.59x6.08x3.86,YSUDX058,4494.0000,-27.50,5977.0200,"Dharm Diam BV",Belgium,https://trade.rapnet.com/#/diamonds/179389479,,G
179328024,Oval,1.330,I,VVS2,,Excellent,Excellent,Faint,GIA,1.401,68.7,65.00,8.24x5.88x4.04,ZSMAT003,2382.5000,-43.30,3168.7250,"Dharm Diam BV",Belgium,https://trade.rapnet.com/#/diamonds/179328024,,G
179292241,Oval,1.330,G,VVS2,,Excellent,Excellent,None,GIA,1.455,64.8,57.00,8.67x5.96x3.86,OV011376,4640.0000,-20.00,6171.2000,"Disons Gems Inc.",USA,https://trade.rapnet.com/#/diamonds/179292241,100,G
179283848,Oval,1.330,H,VS1,,Excellent,Excellent,None,GIA,1.540,63.1,60.00,9.10x5.91x3.73,21427037,3542.0000,-23.00,4710.8600,"KGK Diamonds Bvba",Belgium,https://trade.rapnet.com/#/diamonds/179283848,,G
178819364,Oval,1.330,I,VS1,,Excellent,Excellent,None,IGI,1.457,62.0,60.00,8.96x6.15x3.81,246421,2063.1000,-47.10,2743.9230,"VAIBHAV GEMS",India,https://trade.rapnet.com/#/diamonds/178819364,100,G
178757808,Oval,1.330,G,VVS2,,Excellent,Excellent,None,GIA,1.399,64.3,59.00,8.52x6.09x3.92,OV010854,4640.0000,-20.00,6171.2000,"Disons Gems Inc.",USA,https://trade.rapnet.com/#/diamonds/178757808,100,G
178049426,Oval,1.330,I,VVS2,"Very Good",Excellent,Excellent,None,IGI,1.524,57.6,61.00,9.39x6.16x3.55,T308-A,2394.0000,-43.00,3184.0200,"AGARWAL DIAM EXPO PRIVATE LTD",India,https://trade.rapnet.com/#/diamonds/178049426,,G
139322807,Oval,1.330,I,VVS2,,"Very Good",Good,None,HRD,1.301,51.5,70.00,8.00x6.15x3.17,34798,2646.0000,-37.00,3519.1800,"VITRAAG BVBA",UAE,https://trade.rapnet.com/#/diamonds/139322807,,G
179995807,Heart,1.320,G,IF,,Excellent,Excellent,None,GIA,0.843,59.9,63.00,6.41x7.60x4.55,250141624,3960.0000,-40.00,5227.2000,"KGK DIAMOND DMCC",UAE,https://trade.rapnet.com/#/diamonds/179995807,,G
179935443,Oval,1.320,G,VS1,,Excellent,Excellent,None,GIA,1.489,60.7,60.00,9.04x6.07x3.68,5758385,5178.6000,-4.10,6835.7520,"KAPU GEMS LLP",India,https://trade.rapnet.com/#/diamonds/179935443,,G
179754943,Heart,1.320,I,VS1,,Excellent,Excellent,"Very Slight",IGI,0.876,25.6,76.00,7.85x8.96x2.29,710601601,2140.0000,-45.10,2824.8000,"C DINESH & CO",India,https://trade.rapnet.com/#/diamonds/179754943,100,G
179709051,Heart,1.320,H,VVS1,"Very Good",Excellent,Excellent,None,IGI,0.852,63.7,60.00,6.29x7.38x4.70,NDR144-20A,3120.0000,-40.00,4118.4000,"M/S NIRAV.P.KOTHARI",India,https://trade.rapnet.com/#/diamonds/179709051,,
179647066,Oval,1.320,I,VS1,,Excellent,Excellent,None,GIA,1.430,62.6,59.00,8.72x6.10x3.82,B6407523,3081.0000,-21.00,4066.9200,"BHAVNA GEMS",India,https://trade.rapnet.com/#/diamonds/179647066,,G
179566825,Oval,1.320,H,VVS2,,Excellent,Excellent,Faint,GIA,1.498,61.7,59.00,9.15x6.11x3.76,21430036,3479.0000,-29.00,4592.2800,"KGK DIAMOND DMCC",UAE,https://trade.rapnet.com/#/diamonds/179566825,,G
179529528,Oval,1.320,G,VVS2,,Excellent,Excellent,None,IGI,1.508,53.2,55.00,9.35x6.20x3.30,321432,3712.0000,-36.00,4899.8400,"NAROLA DIAMONDS PRIVATE LIMITED",India,https://trade.rapnet.com/#/diamonds/179529528,100,G
179283881,Oval,1.320,H,VVS1,,Excellent,Excellent,None,GIA,1.519,63.3,59.00,9.04x5.95x3.77,1748795,4056.0000,-22.00,5353.9200,"KGK Diamonds Bvba",Belgium,https://trade.rapnet.com/#/diamonds/179283881,,G
179160157,Oval,1.320,I,VVS2,"Very Good",Excellent,Excellent,None,IGI,1.418,62.1,63.00,8.58x6.05x3.76,52485,2688.0000,-36.00,3548.1600,"D.NAVINCHANDRA EXPORTS PVT. LTD",India,https://trade.rapnet.com/#/diamonds/179160157,83.33333333333334,
179148170,Oval,1.320,I,VVS2,,Excellent,Excellent,Faint,GIA,1.406,63.8,61.00,8.56x6.09x3.89,YSNXS068,3044.0000,-27.50,4018.0800,"Dharm Diam BV",Belgium,https://trade.rapnet.com/#/diamonds/179148170,,G
178626336,Oval,1.320,G,VVS2,,Excellent,Excellent,None,GIA,1.409,65.6,63.00,8.37x5.94x3.90,306447,4524.0000,-22.00,5971.6800,"NAROLA DIAMONDS PRIVATE LIMITED",India,https://trade.rapnet.com/#/diamonds/178626336,100,G
178170791,Oval,1.320,G,VS1,,Excellent,Excellent,None,GIA,1.421,62.5,61.00,8.78x6.18x3.86,Z751-1B,4212.0000,-22.00,5559.8400,"Narola Brothers",India,https://trade.rapnet.com/#/diamonds/178170791,100,G
178070898,Heart,1.320,I,VVS2,,Excellent,Excellent,None,GIA,0.875,59.6,59.00,6.59x7.53x4.49,276979,2772.0000,-34.00,3659.0400,"777 DIAMOND DMCC",India,https://trade.rapnet.com/#/diamonds/178070898,,G
178049267,Oval,1.320,H,VVS1,"Very Good",Excellent,Excellent,None,IGI,1.401,61.8,57.00,8.59x6.13x3.79,1871356,2756.0000,-47.00,3637.9200,"Ankit Gems Private Limited",India,https://trade.rapnet.com/#/diamonds/178049267,,G
177508083,Oval,1.320,H,VS1,,Excellent,Excellent,"Very Slight",IGI,1.354,69.0,56.00,8.03x5.93x4.09,287597,2530.0000,-45.00,3339.6000,"NAROLA DIAMONDS PRIVATE LIMITED",India,https://trade.rapnet.com/#/diamonds/177508083,100,G
177243999,Oval,1.320,G,VS1,,Excellent,Excellent,None,GIA,1.394,63.6,62.00,8.49x6.09x3.88,297070,4158.0000,-23.00,5488.5600,"NAROLA DIAMONDS PRIVATE LIMITED",India,https://trade.rapnet.com/#/diamonds/177243999,100,G
176711691,Oval,1.320,G,VS1,,Excellent,Excellent,Faint,GIA,1.340,63.3,60.00,8.15x6.08x3.85,32311,4968.0000,-8.00,6557.7600,"River Diamond, Inc.",USA,https://trade.rapnet.com/#/diamonds/176711691,,G
176522251,Oval,1.320,F,VVS1,,Excellent,Excellent,None,GIA,1.402,62.0,56.00,8.62x6.15x3.82,SD-2049,5474.0000,-19.50,7225.6800,"NIDHI DIAMONDS",India,https://trade.rapnet.com/#/diamonds/176522251,,G
176036483,Oval,1.320,I,VVS1,,Excellent,Excellent,Slight,IGI,1.416,59.4,59.00,8.58x6.06x3.60,283729,2112.0000,-52.00,2787.8400,"NAROLA DIAMONDS PRIVATE LIMITED",India,https://trade.rapnet.com/#/diamonds/176036483,100,G
175780650,Heart,1.320,I,VVS2,,Excellent,Excellent,None,GIA,0.874,57.9,54.00,6.70x7.67x4.44,S2512973,2478.0000,-41.00,3270.9600,"M.SURESH COMPANY PRIVATE LTD",India,https://trade.rapnet.com/#/diamonds/175780650,100,G
173905940,Oval,1.320,G,VS1,,Excellent,Excellent,Faint,,1.431,61.4,59.00,8.76x6.12x3.76,LPJ451984,2268.0000,-58.00,2993.7600,"Ofer Mizrahi Diamonds, Inc.",USA,https://trade.rapnet.com/#/diamonds/173905940,,G
172595836,Heart,1.320,I,VVS1,,Excellent,Excellent,Faint,GIA,0.876,59.8,59.00,6.62x7.56x4.52,3115040800,2472.8000,-43.80,3264.0960,"FINESTAR JEWELLERY & DIAMONDS PVT. LTD.",India,https://trade.rapnet.com/#/diamonds/172595836,,G
172543987,Heart,1.320,H,VVS2,"Very Good",Excellent,Excellent,None,IGI,0.870,59.0,59.00,6.56x7.54x4.45,K2874,2940.0000,-40.00,3880.8000,"GLITZ & GLAM",India,https://trade.rapnet.com/#/diamonds/172543987,,G
170213984,Oval,1.320,H,IF,,Excellent,Excellent,None,GIA,1.439,60.3,60.00,8.82x6.13x3.70,34072,5400.0000,-3.60,7128.0000,"Diastar Inc.",USA,https://trade.rapnet.com/#/diamonds/170213984,,G
168179952,Oval,1.320,I,VS1,,Excellent,Excellent,None,GIA,1.401,64.0,57.00,8.60x6.14x3.93,241833,2730.0000,-30.00,3603.6000,"NAROLA DIAMONDS PRIVATE LIMITED",USA,https://trade.rapnet.com/#/diamonds/168179952,100,G
180060452,Oval,1.310,I,IF,,Excellent,Excellent,None,GIA,1.400,61.7,62.00,8.79x6.28x3.88,AN2502418,3196.0000,-32.00,4186.7600,"M.SURESH COMPANY PRIVATE LTD",India,https://trade.rapnet.com/#/diamonds/180060452,100,G
180015240,Heart,1.310,I,VVS2,"Very Good",Excellent,Excellent,None,IGI,0.856,63.6,58.00,6.28x7.34x4.67,NDR144-57A,2310.0000,-45.00,3026.1000,"M/S NIRAV.P.KOTHARI",India,https://trade.rapnet.com/#/diamonds/180015240,,
180015228,Heart,1.310,I,VS1,"Very Good",Excellent,Excellent,None,IGI,0.850,62.6,59.00,6.34x7.46x4.67,NDR144-71A,2145.0000,-45.00,2809.9500,"M/S NIRAV.P.KOTHARI",India,https://trade.rapnet.com/#/diamonds/180015228,,
179956353,Oval,1.310,H,VS1,,Excellent,Excellent,None,GIA,1.402,63.8,58.00,8.48x6.05x3.86,ZSMDV219,3495.0000,-24.00,4578.4500,"DHARMANANDAN DIAMONDS",India,https://trade.rapnet.com/#/diamonds/179956353,,G
179952362,Oval,1.310,I,VVS1,,Excellent,Excellent,Faint,GIA,1.484,63.8,59.00,8.86x5.97x3.81,905321,3392.0000,-22.90,4443.5200,"Star Solitaire Inc.",USA,https://trade.rapnet.com/#/diamonds/179952362,,
179935082,Oval,1.310,H,VVS1,,Excellent,Excellent,Faint,GIA,1.428,62.7,62.00,8.81x6.17x3.87,B87D7910,4004.0000,-23.00,5245.2400,"BHAVNA GEMS",India,https://trade.rapnet.com/#/diamonds/179935082,,G
179932848,Oval,1.310,I,VS1,,Excellent,Excellent,"Very Slight",IGI,1.601,65.4,56.00,9.08x5.67x3.71,313251,2262.0000,-42.00,2963.2200,"NAROLA DIAMONDS PRIVATE LIMITED",India,https://trade.rapnet.com/#/diamonds/179932848,100,G
179906986,Oval,1.310,F,VS1,,Excellent,"Very Good",None,GIA,1.402,61.2,64.00,8.62x6.15x3.76,3444244,4756.0000,-18.00,6230.3600,"Dianco Solitaire LLC",USA,https://trade.rapnet.com/#/diamonds/179906986,,G
179849534,Oval,1.310,F,VS1,,Excellent,Excellent,Faint,GIA,1.432,63.3,61.00,8.82x6.16x3.90,21347434,4350.0000,-25.00,5698.5000,"Sparkle Gems Inc. (KGK Diamonds USA)",USA,https://trade.rapnet.com/#/diamonds/179849534,0,G
179836050,Oval,1.310,H,VVS2,,Excellent,Excellent,None,IGI,1.413,63.7,62.00,8.52x6.03x3.84,324215,2548.0000,-48.00,3337.8800,"NAROLA DIAMONDS PRIVATE LIMITED",India,https://trade.rapnet.com/#/diamonds/179836050,100,G
179762818,Oval,1.310,H,VVS2,,Excellent,Excellent,None,HRD,1.395,60.9,57.00,8.54x6.12x3.73,60017,2450.0000,-50.00,3209.5000,"Evara Diamonds DMCC",UAE,https://trade.rapnet.com/#/diamonds/179762818,100,G
179659231,Oval,1.310,H,VS1,,Excellent,"Very Good",None,GIA,1.448,63.5,62.00,8.57x5.92x3.76,FMJ462553,3772.0000,-18.00,4941.3200,"FM Trading Company Inc.",USA,https://trade.rapnet.com/#/diamonds/179659231,100,
179572631,Oval,1.310,F,VVS1,,Excellent,Excellent,None,GIA,1.451,62.1,61.00,8.91x6.14x3.82,51776,6052.0000,-11.00,7928.1200,"Dianco Solitaire LLC",USA,https://trade.rapnet.com/#/diamonds/179572631,,G
179283400,Oval,1.310,G,VVS1,,Excellent,Excellent,None,GIA,1.497,64.3,56.00,8.85x5.91x3.80,1746458,4898.0000,-21.00,6416.3800,"KGK Diamonds Bvba",Belgium,https://trade.rapnet.com/#/diamonds/179283400,,G
179283310,Heart,1.310,H,VVS2,,Excellent,Excellent,Faint,GIA,0.842,59.6,64.00,6.44x7.65x4.56,21372202,3234.0000,-34.00,4236.5400,"KGK Diamonds Bvba",Belgium,https://trade.rapnet.com/#/diamonds/179283310,,G
179283237,Oval,1.310,G,VVS2,,Excellent,Excellent,Faint,GIA,1.394,62.9,61.00,8.52x6.11x3.84,21313169,4176.0000,-28.00,5470.5600,"KGK Diamonds Bvba",Belgium,https://trade.rapnet.com/#/diamonds/179283237,,G
179283228,Oval,1.310,F,VS1,,Excellent,Excellent,None,GIA,1.545,62.4,60.00,9.10x5.89x3.68,1766442,4582.0000,-21.00,6002.4200,"KGK Diamonds Bvba",Belgium,https://trade.rapnet.com/#/diamonds/179283228,,G
179276179,Oval,1.310,F,VS1,,Excellent,Excellent,None,GIA,1.432,61.5,60.00,8.78x6.13x3.77,6509A,4756.0000,-18.00,6230.3600,"HORIZON  DIAMOND  BVBA",Belgium,https://trade.rapnet.com/#/diamonds/179276179,,
179268041,Heart,1.310,G,VVS2,,Excellent,Excellent,None,IGI,0.889,57.4,59.00,6.74x7.58x4.35,J83-2744,2784.0000,-52.00,3647.0400,"GNYAN IMPEX",India,https://trade.rapnet.com/#/diamonds/179268041,100,G
179202015,Oval,1.310,H,VS1,,Excellent,Excellent,None,GIA,1.395,63.1,61.00,8.54x6.12x3.86,"RJ 28",3404.0000,-26.00,4459.2400,"Jay Gurudev Diamond",India,https://trade.rapnet.com/#/diamonds/179202015,,G
179194851,Oval,1.310,G,VS1,,Excellent,Excellent,Slight,IGI,1.382,65.7,61.00,8.25x5.97x3.92,317161,2916.0000,-46.00,3819.9600,"NAROLA DIAMONDS PRIVATE LIMITED",India,https://trade.rapnet.com/#/diamonds/179194851,100,G
179169859,Oval,1.310,I,VS1,,Excellent,"Very Good",None,GIA,1.370,65.4,54.00,8.18x5.97x3.91,107170331G,,,,"VENUS JEWEL",India,https://trade.rapnet.com/#/diamonds/179169859,100,G
179128289,Oval,1.310,G,VS1,,Excellent,Excellent,None,GIA,1.513,61.4,60.00,9.05x5.98x3.68,1305045202,4255.2000,-21.20,5574.3120,"FINESTAR JEWELLERY & DIAMONDS PVT. LTD.",India,https://trade.rapnet.com/#/diamonds/179128289,,G
179119672,Oval,1.310,H,IF,,Excellent,"Very Good",None,GIA,1.390,61.2,63.00,8.69x6.25x3.83,1721559,4088.0000,-27.00,5355.2800,"KGK Diamonds Bvba",Belgium,https://trade.rapnet.com/#/diamonds/179119672,,G
179110366,Oval,1.310,F,VVS1,,Excellent,Excellent,None,GIA,1.420,64.3,63.00,8.55x6.02x3.87,323520,5780.0000,-15.00,7571.8000,"NAROLA DIAMONDS PRIVATE LIMITED",India,https://trade.rapnet.com/#/diamonds/179110366,100,G
179104493,Oval,1.310,H,VVS2,,Excellent,Excellent,None,GIA,1.404,63.6,60.00,8.59x6.12x3.89,Z7908649,3626.0000,-26.00,4750.0600,"Twinklediam Hong Kong Ltd.","Hong Kong",https://trade.rapnet.com/#/diamonds/179104493,,G
179046608,Oval,1.310,F,VS1,,Excellent,Excellent,None,GIA,1.421,64.2,64.00,8.60x6.05x3.88,319643,4872.0000,-16.00,6382.3200,"NAROLA DIAMONDS PRIVATE LIMITED",India,https://trade.rapnet.com/#/diamonds/179046608,100,G
178975876,Oval,1.310,F,VVS1,,Excellent,Excellent,None,GIA,1.510,63.7,64.00,8.88x5.88x3.75,318448,6256.0000,-8.00,8195.3600,"NAROLA DIAMONDS PRIVATE LIMITED",India,https://trade.rapnet.com/#/diamonds/178975876,100,G
178904638,Heart,1.310,F,VS1,,Excellent,Excellent,None,GIA,0.854,60.3,60.00,6.37x7.46x4.50,1040-3A,3770.0000,-35.00,4938.7000,"SUN DIAM - prakash shingala",India,https://trade.rapnet.com/#/diamonds/178904638,,G
178880701,Oval,1.310,H,VVS1,,Excellent,Excellent,None,GIA,1.399,62.4,59.00,8.62x6.16x3.84,ED70096,4160.0000,-20.00,5449.6000,"DIAMONDS UNLIMITED",USA,https://trade.rapnet.com/#/diamonds/178880701,,
178842899,Oval,1.310,I,VVS1,,Excellent,Excellent,None,IGI,1.355,67.9,61.00,8.02x5.92x4.02,312826,2332.0000,-47.00,3054.9200,"NAROLA DIAMONDS PRIVATE LIMITED",India,https://trade.rapnet.com/#/diamonds/178842899,100,G
178791503,Oval,1.310,I,VS1,,Excellent,Excellent,"Very Slight",IGI,1.397,64.6,63.00,8.37x5.99x3.87,311171,2067.0000,-47.00,2707.7700,"NAROLA DIAMONDS PRIVATE LIMITED",India,https://trade.rapnet.com/#/diamonds/178791503,100,G
178743582,Oval,1.310,H,VVS1,,Excellent,Excellent,None,IGI,1.401,64.7,64.00,8.42x6.01x3.89,309667,2912.0000,-44.00,3814.7200,"NAROLA DIAMONDS PRIVATE LIMITED",India,https://trade.rapnet.com/#/diamonds/178743582,100,G
178743379,Oval,1.310,H,VS1,,Excellent,Excellent,None,IGI,1.461,63.1,58.00,8.87x6.07x3.83,310515,2806.0000,-39.00,3675.8600,"NAROLA DIAMONDS PRIVATE LIMITED",India,https://trade.rapnet.com/#/diamonds/178743379,100,G
178573160,Oval,1.310,G,IF,,Excellent,Excellent,None,HRD,1.425,62.4,61.00,8.65x6.07x3.79,YK4093,4290.0000,-35.00,5619.9000,"Diamond Creations NV",Belgium,https://trade.rapnet.com/#/diamonds/178573160,,G
178206420,Heart,1.310,I,VVS2,,Excellent,Excellent,None,GIA,0.853,57.9,64.00,6.58x7.71x4.46,310497,2394.0000,-43.00,3136.1400,"NAROLA DIAMONDS PRIVATE LIMITED",India,https://trade.rapnet.com/#/diamonds/178206420,100,G
178206372,Oval,1.310,G,VS1,,Excellent,Excellent,None,GIA,1.360,68.6,65.00,8.09x5.95x4.08,309180,4050.0000,-25.00,5305.5000,"NAROLA DIAMONDS PRIVATE LIMITED",India,https://trade.rapnet.com/#/diamonds/178206372,100,G
178030096,Oval,1.310,H,VS1,"Very Good",Excellent,Excellent,Slight,IGI,1.411,64.5,64.00,8.51x6.03x3.89,SDA-327,2985.0000,-35.10,3910.3500,"SHASHANK DIAM FZE",UAE,https://trade.rapnet.com/#/diamonds/178030096,,G
177962392,Oval,1.310,F,VS1,,Excellent,"Very Good",None,GIA,1.403,63.5,61.00,8.46x6.03x3.83,501410198G,,,,"VENUS JEWEL",Israel,https://trade.rapnet.com/#/diamonds/177962392,100,G
177866270,Oval,1.310,G,VVS2,,Excellent,Excellent,Faint,GIA,1.401,61.9,59.00,8.84x6.31x3.91,P25R06532,4344.2000,-25.10,5690.9020,"SHEETAL MANUFACTURING CO. PVT. LTD.",India,https://trade.rapnet.com/#/diamonds/177866270,80,G
177743050,Oval,1.310,G,VVS2,,Excellent,Excellent,None,GIA,1.434,61.6,59.00,8.75x6.10x3.76,1305038002,4442.8000,-23.40,5820.0680,"FINESTAR JEWELLERY & DIAMONDS PVT. LTD.",India,https://trade.rapnet.com/#/diamonds/177743050,,G
177625815,Oval,1.310,H,VS1,,Excellent,Excellent,None,IGI,1.407,65.9,62.00,8.33x5.92x3.90,299477,2438.0000,-47.00,3193.7800,"NAROLA DIAMONDS PRIVATE LIMITED",India,https://trade.rapnet.com/#/diamonds/177625815,100,G
177613118,Oval,1.310,G,VVS1,,Excellent,Excellent,None,GIA,1.401,67.0,57.00,8.42x6.01x4.02,S34V-9,4960.0000,-20.00,6497.6000,"V.JAYANTILAL & CO",India,https://trade.rapnet.com/#/diamonds/177613118,,G
177578754,Oval,1.310,H,VS1,,Excellent,Excellent,Slight,IGI,1.380,66.0,59.00,8.24x5.97x3.94,296827,2392.0000,-48.00,3133.5200,"NAROLA DIAMONDS PRIVATE LIMITED",India,https://trade.rapnet.com/#/diamonds/177578754,100,G
177494579,Oval,1.310,H,VS1,,Excellent,Excellent,None,GIA,1.454,63.4,59.00,8.74x6.01x3.81,PRS1095,3266.0000,-29.00,4278.4600,"GURUDEV JEWEL",India,https://trade.rapnet.com/#/diamonds/177494579,100,G
177487822,Oval,1.310,G,VVS1,,Excellent,Excellent,None,GIA,1.477,59.6,59.00,8.92x6.04x3.60,CMH-46-1400,4876.3000,-21.40,6387.9530,M.D.BROTHERS,India,https://trade.rapnet.com/#/diamonds/177487822,,G
177410756,Oval,1.310,F,IF,,Excellent,Excellent,Faint,GIA,1.653,57.4,56.00,9.97x6.03x3.46,900113721,4884.0000,-34.00,6398.0400,"KGK DIAMOND DMCC",UAE,https://trade.rapnet.com/#/diamonds/177410756,,G
177401666,Heart,1.310,G,VS1,,Excellent,Excellent,Faint,GIA,0.896,59.7,59.00,6.77x7.56x4.51,J3164425045A,3402.0000,-37.00,4456.6200,"JB Jewels HK Ltd.",India,https://trade.rapnet.com/#/diamonds/177401666,,G
177401854,Oval,1.310,F,VVS1,,Excellent,"Very Good",None,GIA,1.401,57.5,59.00,8.74x6.24x3.59,J1163825040A,4896.0000,-28.00,6413.7600,"JODHANI BROTHERS",India,https://trade.rapnet.com/#/diamonds/177401854,66.66666666666666,G
177351435,Oval,1.310,H,VVS2,,Excellent,Excellent,"Very Slight",IGI,1.405,62.7,62.00,8.60x6.12x3.84,41311-29,2548.0000,-48.00,3337.8800,"UNIQUE DIAMAX PRIVATE LIMITED",India,https://trade.rapnet.com/#/diamonds/177351435,,
177187772,Oval,1.310,I,VS1,"Very Good",Excellent,"Very Good",None,IGI,1.374,64.4,58.00,8.37x6.09x3.92,NDR132-25A,2145.0000,-45.00,2809.9500,"M/S NIRAV.P.KOTHARI",India,https://trade.rapnet.com/#/diamonds/177187772,,
177065611,Heart,1.310,G,VVS2,,Excellent,Excellent,Faint,GIA,0.842,65.0,59.00,6.24x7.41x4.82,292189,2842.0000,-51.00,3723.0200,"NAROLA DIAMONDS PRIVATE LIMITED",India,https://trade.rapnet.com/#/diamonds/177065611,100,G
177053388,Oval,1.310,H,VVS2,,Excellent,Excellent,None,GIA,1.400,62.7,60.00,8.58x6.13x3.84,7555004,3920.0000,-20.00,5135.2000,"KGK DIAMOND DMCC",UAE,https://trade.rapnet.com/#/diamonds/177053388,,G
176950442,Oval,1.310,G,VVS1,,Excellent,Excellent,None,GIA,1.343,62.8,58.00,8.27x6.16x3.87,5714004,5170.8000,-16.60,6773.7480,"KAPU GEMS LLP",India,https://trade.rapnet.com/#/diamonds/176950442,,G
166583528,Oval,1.310,I,VS1,"Very Good",Excellent,"Very Good",None,IGI,1.539,60.8,59.00,9.02x5.86x3.56,ASYP-757,2338.0000,-40.10,3062.7800,"SHYAM CORPORATION",India,https://trade.rapnet.com/#/diamonds/166583528,,G
176600269,Oval,1.310,H,VVS1,,Excellent,Excellent,Faint,GIA,1.420,62.9,61.00,8.69x6.12x3.85,7551714,3744.0000,-28.00,4904.6400,"KGK DIAMOND DMCC",UAE,https://trade.rapnet.com/#/diamonds/176600269,,G
175744073,Oval,1.310,G,VVS2,,Excellent,Excellent,None,GIA,1.381,62.6,58.00,8.45x6.12x3.83,5703627,5075.0000,-12.50,6648.2500,"KAPU GEMS LLP",India,https://trade.rapnet.com/#/diamonds/175744073,,G
175478473,Oval,1.310,F,VS1,,Excellent,Excellent,None,GIA,1.399,65.0,64.00,8.34x5.96x3.87,22573,5220.0000,-10.00,6838.2000,"Feiner Gems","United Kingdom",https://trade.rapnet.com/#/diamonds/175478473,,
174190013,Oval,1.310,H,VVS1,,Excellent,Excellent,Slight,IGI,1.376,68.0,60.00,8.13x5.91x4.02,272158,2652.0000,-49.00,3474.1200,"NAROLA DIAMONDS PRIVATE LIMITED",India,https://trade.rapnet.com/#/diamonds/174190013,100,G
174150571,Heart,1.310,F,VS1,,Excellent,Excellent,None,IGI,0.821,64.7,61.00,6.00x7.31x4.73,270364,2610.0000,-55.00,3419.1000,"NAROLA DIAMONDS PRIVATE LIMITED",India,https://trade.rapnet.com/#/diamonds/174150571,100,G
172833918,Oval,1.310,G,VS1,,Excellent,"Very Good",Faint,GIA,1.391,65.6,62.00,8.29x5.96x3.91,a-2268,3537.0000,-34.50,4633.4700,"RAJOHARAN DIAMOND",India,https://trade.rapnet.com/#/diamonds/172833918,,G
172628736,Oval,1.310,G,VVS2,,Excellent,"Very Good",Faint,GIA,1.503,57.0,58.00,9.17x6.10x3.48,,4640.0000,-20.00,6078.4000,"Yosef Friedman",Israel,https://trade.rapnet.com/#/diamonds/172628736,,
172593086,Oval,1.310,H,VS1,,Excellent,Excellent,None,GIA,1.378,64.5,61.00,8.38x6.08x3.92,OV1.20W907687,3310.0000,-28.00,4336.1000,STARRAYS,India,https://trade.rapnet.com/#/diamonds/172593086,,G
170236509,Heart,1.310,H,VS1,,Excellent,Excellent,None,GIA,0.856,59.0,61.00,6.50x7.59x4.48,3115037200,3311.5000,-28.00,4338.0650,"Belgium New York LLC",USA,https://trade.rapnet.com/#/diamonds/170236509,100,
170213987,Oval,1.310,I,VS1,,Excellent,Excellent,None,GIA,1.402,62.7,58.00,8.61x6.14x3.85,34074,3300.0000,-15.40,4323.0000,"Diastar Inc.",USA,https://trade.rapnet.com/#/diamonds/170213987,,G
168332916,Oval,1.310,H,VS1,,"Very Good","Very Good",Faint,GIA,1.395,64.3,61.00,8.30x5.95x3.82,213788,4048.0000,-12.00,5302.8800,"RNI Diamonds / Earstuds USA",USA,https://trade.rapnet.com/#/diamonds/168332916,,
168137953,Heart,1.310,I,VS1,,Excellent,Excellent,None,GIA,0.879,59.0,62.00,6.71x7.63x4.50,HS131-9420,2730.0000,-30.00,3576.3000,"Mega Diamonds corporation",USA,https://trade.rapnet.com/#/diamonds/168137953,,
167996427,Heart,1.310,H,VVS2,,Excellent,Excellent,"Very Slight",IGI,0.909,58.9,57.00,6.88x7.57x4.46,J9137025008D,1862.0000,-62.00,2439.2200,"JODHANI BROTHERS",India,https://trade.rapnet.com/#/diamonds/167996427,66.66666666666666,G
166262838,Oval,1.310,F,VVS1,,Excellent,"Very Good",None,GIA,1.418,63.0,57.00,8.68x6.12x3.86,33289,5800.0000,-14.70,7598.0000,"Diastar Inc.",USA,https://trade.rapnet.com/#/diamonds/166262838,,G
160042796,Oval,1.310,G,VVS2,Ideal,Excellent,Excellent,None,,1.398,62.3,59.00,8.71x6.23x3.88,P21531,3364.0000,-42.00,4406.8400,"Optima Diamond",USA,https://trade.rapnet.com/#/diamonds/160042796,,
180079923,Oval,1.300,F,VS1,,Excellent,Excellent,None,GIA,1.355,64.8,62.00,8.28x6.11x3.96,17F-70357,4287.3600,-26.10,5573.5680,"VRITI DIAM HK LTD.",USA,https://trade.rapnet.com/#/diamonds/180079923,,STPS
180063563,Oval,1.300,G,VVS1,,Excellent,Excellent,None,GIA,1.399,63.2,62.00,8.45x6.04x3.82,7589824,4712.0000,-24.00,6125.6000,"KGK DIAMOND DMCC",UAE,https://trade.rapnet.com/#/diamonds/180063563,,G
180054339,Oval,1.300,F,VS1,,Excellent,Excellent,None,GIA,1.371,65.6,56.00,8.32x6.07x3.98,340869,4524.0000,-22.00,5881.2000,"NAROLA DIAMONDS PRIVATE LIMITED",India,https://trade.rapnet.com/#/diamonds/180054339,100,G
180048452,Oval,1.300,H,VS1,,Excellent,Excellent,Faint,GIA,1.371,65.8,60.00,8.20x5.98x3.93,ZSMCL293,3173.0000,-31.00,4124.9000,"DHARMANANDAN DIAMONDS",India,https://trade.rapnet.com/#/diamonds/180048452,,G
180045799,Oval,1.300,F,VS1,,Excellent,Excellent,None,GIA,1.530,58.3,60.00,9.21x6.02x3.51,500099431,5105.0000,-12.00,6636.5000,"Stuller - Lafayette 2",USA,https://trade.rapnet.com/#/diamonds/180045799,,
180000472,Oval,1.300,H,VS1,,Excellent,"Very Good",None,GIA,1.500,63.3,62.00,8.91x5.94x3.76,MD218823,3956.0000,-14.00,5142.8000,"Forever Diamonds and Gems",USA,https://trade.rapnet.com/#/diamonds/180000472,,M
179956262,Oval,1.300,G,VVS2,,Excellent,Excellent,Faint,GIA,1.382,65.9,61.00,8.28x5.99x3.95,ZSMCK071,4175.0000,-28.00,5427.5000,"DHARMANANDAN DIAMONDS",India,https://trade.rapnet.com/#/diamonds/179956262,,G
179932878,Oval,1.300,I,VVS2,,Excellent,Excellent,None,IGI,1.405,65.2,56.00,8.40x5.98x3.90,315841,2184.0000,-48.00,2839.2000,"NAROLA DIAMONDS PRIVATE LIMITED",India,https://trade.rapnet.com/#/diamonds/179932878,100,G
179932852,Oval,1.300,H,VVS2,,Excellent,Excellent,None,IGI,1.415,64.8,64.00,8.56x6.05x3.92,322319,2842.0000,-42.00,3694.6000,"NAROLA DIAMONDS PRIVATE LIMITED",India,https://trade.rapnet.com/#/diamonds/179932852,100,G
179903794,Oval,1.300,F,VVS2,,Excellent,"Very Good",None,GIA,1.419,63.8,58.00,8.53x6.01x3.84,OV010852,5504.0000,-14.00,7155.2000,"Disons Gems Inc.",USA,https://trade.rapnet.com/#/diamonds/179903794,100,G
179895604,Oval,1.300,I,VVS2,,Excellent,"Very Good",None,GIA,1.375,65.2,59.00,8.21x5.97x3.90,7591999,3024.0000,-28.00,3931.2000,"KGK DIAMOND DMCC",UAE,https://trade.rapnet.com/#/diamonds/179895604,,G
179849285,Oval,1.300,H,VS1,,Excellent,Excellent,Faint,GIA,1.394,63.6,62.00,8.42x6.04x3.84,21408715,3404.0000,-26.00,4425.2000,"Sparkle Gems Inc. (KGK Diamonds USA)",USA,https://trade.rapnet.com/#/diamonds/179849285,0,G
179849085,Oval,1.300,H,VS1,,"Very Good",Excellent,None,GIA,1.397,63.4,61.00,8.52x6.10x3.87,21404844,3818.0000,-17.00,4963.4000,"Sparkle Gems Inc. (KGK Diamonds USA)",USA,https://trade.rapnet.com/#/diamonds/179849085,0,G
179849081,Oval,1.300,F,VS1,,Excellent,Excellent,Faint,GIA,1.347,63.4,63.00,8.19x6.08x3.86,21342568,4118.0000,-29.00,5353.4000,"Sparkle Gems Inc. (KGK Diamonds USA)",USA,https://trade.rapnet.com/#/diamonds/179849081,0,G
179849042,Oval,1.300,I,VS1,,Excellent,Excellent,Faint,GIA,1.452,63.2,60.00,8.70x5.99x3.79,21414377,3042.0000,-22.00,3954.6000,"Sparkle Gems Inc. (KGK Diamonds USA)",USA,https://trade.rapnet.com/#/diamonds/179849042,0,G
